{"mean":{"confidence_interval":{"confidence_level":0.95,"lower_bound":-0.02234266788734826,"upper_bound":0.0070416555577004734},"point_estimate":-0.007078708262476363,"standard_error":0.007528572261958544},"median":{"confidence_interval":{"confidence_level":0.95,"lower_bound":-0.02638077148766127,"upper_bound":0.017242890007415745},"point_estimate":-0.004038288040344562,"standard_error":0.010106174227242703}}