{"mean":{"confidence_interval":{"confidence_level":0.95,"lower_bound":-0.05674349886153681,"upper_bound":-0.009571938752112536},"point_estimate":-0.032996057037877335,"standard_error":0.012093655797927014},"median":{"confidence_interval":{"confidence_level":0.95,"lower_bound":-0.07584275704723598,"upper_bound":-0.000380248526862359},"point_estimate":-0.034207253901542334,"standard_error":0.017173029844446564}}