{"mean":{"confidence_interval":{"confidence_level":0.95,"lower_bound":-0.023237083285468918,"upper_bound":0.005229304262857359},"point_estimate":-0.008251612727088853,"standard_error":0.007313266831917181},"median":{"confidence_interval":{"confidence_level":0.95,"lower_bound":-0.02740313084229329,"upper_bound":0.01544240311878764},"point_estimate":-0.00849170938170829,"standard_error":0.009479042327290563}}