{"mean":{"confidence_interval":{"confidence_level":0.95,"lower_bound":-0.014244410760082538,"upper_bound":-0.0003875588660777751},"point_estimate":-0.006506885279643049,"standard_error":0.003592742757898308},"median":{"confidence_interval":{"confidence_level":0.95,"lower_bound":-0.015573218385435798,"upper_bound":0.00010841370912784143},"point_estimate":-0.0012233276170965368,"standard_error":0.0038642511249469005}}