{"mean":{"confidence_interval":{"confidence_level":0.95,"lower_bound":64556.64580379353,"upper_bound":65032.519563769696},"point_estimate":64773.859338204806,"standard_error":122.36968971325717},"median":{"confidence_interval":{"confidence_level":0.95,"lower_bound":64469.42381840796,"upper_bound":65045.95335820896},"point_estimate":64664.34598880597,"standard_error":146.762362305252},"median_abs_dev":{"confidence_interval":{"confidence_level":0.95,"lower_bound":83.0816109317241,"upper_bound":653.9777181610234},"point_estimate":339.4191356159007,"standard_error":143.22041703003708},"slope":{"confidence_interval":{"confidence_level":0.95,"lower_bound":64691.87898676262,"upper_bound":65139.28220671387},"point_estimate":64893.70984686955,"standard_error":113.80729734398221},"std_dev":{"confidence_interval":{"confidence_level":0.95,"lower_bound":171.95084688155578,"upper_bound":545.355962386859},"point_estimate":406.27015629601533,"standard_error":101.81740100317741}}