{"mean":{"confidence_interval":{"confidence_level":0.95,"lower_bound":0.00015279545568550084,"upper_bound":0.01509231968098148},"point_estimate":0.0066926734117584985,"standard_error":0.0039057824848028923},"median":{"confidence_interval":{"confidence_level":0.95,"lower_bound":-0.0025464943839291765,"upper_bound":0.020484624645607186},"point_estimate":-0.0010343652004587423,"standard_error":0.0059647980840059804}}