{"mean":{"confidence_interval":{"confidence_level":0.95,"lower_bound":0.0019688455867931725,"upper_bound":0.018774553398588488},"point_estimate":0.009778077188520529,"standard_error":0.0046172147315967325},"median":{"confidence_interval":{"confidence_level":0.95,"lower_bound":-0.0004811583937791575,"upper_bound":0.0182888911250374},"point_estimate":0.0016569845670766359,"standard_error":0.005057041638754959}}