{"mean":{"confidence_interval":{"confidence_level":0.95,"lower_bound":-0.0016311893016690028,"upper_bound":0.007545221211733761},"point_estimate":0.002912166113534065,"standard_error":0.0023547768475625525},"median":{"confidence_interval":{"confidence_level":0.95,"lower_bound":-0.0026056129228910763,"upper_bound":0.007470962851324758},"point_estimate":0.0011502684643616146,"standard_error":0.0025588056010325028}}