{"mean":{"confidence_interval":{"confidence_level":0.95,"lower_bound":-0.02189592435214487,"upper_bound":0.002010465395001363},"point_estimate":-0.009126286101278303,"standard_error":0.00608934527919233},"median":{"confidence_interval":{"confidence_level":0.95,"lower_bound":-0.015228024479665092,"upper_bound":0.0019965406030080235},"point_estimate":-0.003433489668647871,"standard_error":0.004566420388973308}}